<?xml version="1.0" encoding="UTF-8" standalone="yes"?>
<addon id="plugin.video.myapp" name="apocolypse_loader" version="1.0.0" provider-name="DazHaz">
  <requires>
    <import addon="xbmc.python" version="2.1.0"/>
	<import addon="repository.xbmc-israel" />
  </requires>
  <extension point="xbmc.python.pluginsource" library="default.py">
        <provides>video</provides>
  </extension>
  <extension point="xbmc.addon.metadata">
    <summary lang="en">Apocolypse Playlist Loader</summary>
    <description lang="en">Apocolypse Playlist Loader</description>
    <platform>Windows 10</platform>
  </extension>
</addon>
